msg_id,text
1,Enter the lobby through the Episode Gate to create and enter episode rooms.
2,Quest and episode information can be obtained from guide boards.
3,"Items and TAFF that are unsold, won, or canceled at auction will disappear if not collected within 3 days."
4,Items dropped by monsters are obtained automatically.
5,"If your grade when clearing an episode is failing (F), you will not receive items or EXP."
6,"You can use the phone for 1:1 conversations with friends, sending messages, talking with NPCs, and more."
7,"If your character becomes unable to move, try escaping with the “/escape” command."
8,Skills can be learned from NPCs inside the school.
9,"When playing the game, please set a time limit and take appropriate breaks."
