index,product_id,category_id
0,28,6
1,29,6
2,30,6
3,31,6
4,32,6
5,33,6
6,37,6
7,38,6
8,39,6
9,40,6
10,41,6
11,42,6
12,43,6
13,44,6
14,20,6
15,21,6
16,22,6
17,23,6
18,24,6
19,25,6
20,26,6
21,27,6
22,34,6
23,35,6
24,36,6
25,45,6
26,47,6
27,48,6
28,49,6
29,50,6
30,51,6
31,52,6
32,53,6
33,54,6
34,55,6
35,56,6
36,57,6
37,58,6
38,59,6
39,60,6
40,61,6
41,62,6
42,63,6
43,64,6
44,66,6
45,68,6
46,58,7
47,59,7
48,60,7
49,61,7
50,62,7
51,63,7
52,64,7
53,66,7
54,20,8
55,21,8
56,22,8
57,23,8
58,24,8
59,25,8
60,26,8
61,27,8
62,34,8
63,35,8
64,36,8
65,45,8
66,47,8
67,48,8
68,49,8
69,50,8
70,51,8
71,52,8
72,53,8
73,54,8
74,55,8
75,56,8
76,57,8
77,68,8
78,28,9
79,29,9
80,30,9
81,31,9
82,32,9
83,33,9
84,37,9
85,38,9
86,39,9
87,40,9
88,41,9
89,42,9
90,43,9
91,44,9
92,69,6
93,70,6
94,71,6
95,72,6
96,73,6
97,74,4
98,75,4
99,76,4
100,77,4
101,78,4
102,79,4
103,80,4
104,81,4
105,82,4
106,83,4
107,84,4
108,85,4
109,86,4
110,87,4
111,88,4
112,89,4
113,90,4
114,91,4
115,92,4
116,93,4
117,94,4
118,95,4
119,96,4
120,97,4
121,98,4
122,99,4
123,100,4
124,101,4
125,102,4
126,103,4
127,104,4
128,105,4
129,106,4
130,107,4
131,108,4
132,109,4
133,110,4
134,111,4
135,112,4
136,113,4
137,114,4
138,115,4
139,116,4
140,117,4
141,118,4
142,119,4
143,120,4
144,121,4
145,122,4
146,123,4
147,124,4
148,125,4
149,126,4
150,127,4
151,128,4
152,129,4
153,130,4
154,131,4
155,132,4
156,133,4
157,134,4
158,135,4
159,136,4
160,137,4
161,138,4
162,139,4
163,140,4
164,141,4
165,142,4
166,143,4
167,144,4
168,145,4
169,146,4
170,147,4
171,148,4
172,149,4
173,150,4
174,151,4
175,152,4
176,153,4
177,154,4
178,155,4
179,156,4
180,157,4
181,158,6
182,159,6
183,160,6
184,161,6
185,162,6
186,163,6
187,164,6
188,165,6
189,166,6
190,167,6
191,168,6
192,169,6
193,170,6
194,171,6
195,172,6
196,173,6
197,174,6
198,175,6
199,176,6
200,177,6
201,178,6
202,179,6
203,180,6
204,181,6
205,182,6
206,183,6
207,184,6
208,185,6
209,186,6
210,187,6
211,188,6
212,189,6
213,190,6
214,191,6
215,192,6
216,193,6
217,194,6
218,195,6
219,196,6
220,197,6
221,198,6
222,199,6
223,200,6
224,201,6
225,202,6
226,203,6
227,204,6
228,205,6
229,206,6
230,207,6
231,208,6
232,209,6
233,210,6
234,211,4
235,212,4
236,213,4
237,214,4
238,215,4
239,216,4
240,217,4
241,218,4
242,219,6
243,220,6
244,221,6
245,222,6
246,223,6
247,224,6
248,225,6
249,226,6
250,227,6
251,228,6
252,229,6
253,230,6
254,231,4
255,232,4
256,233,4
257,234,4
258,235,4
259,236,4
260,237,4
261,238,4
262,239,4
263,240,4
264,241,4
265,242,4
266,243,4
267,244,4
268,245,4
269,246,4
270,247,4
271,248,4
272,249,4
273,250,4
274,251,4
275,252,4
276,253,4
277,254,4
278,255,4
279,256,4
280,257,4
281,258,4
282,259,4
283,260,4
284,261,4
285,262,4
286,263,4
287,264,4
288,265,4
289,266,4
290,267,4
291,268,4
292,269,4
293,270,4
294,271,4
295,272,4
296,273,4
297,274,4
298,275,4
299,276,4
300,277,4
301,278,4
302,279,4
303,280,4
304,281,4
305,282,4
306,283,4
307,284,4
308,285,4
309,286,4
310,287,4
311,288,4
312,289,4
313,290,4
314,291,4
315,292,4
316,293,4
317,294,4
318,295,4
319,296,4
320,297,4
321,298,4
322,299,4
323,300,4
324,301,4
325,302,4
326,303,4
327,304,4
328,305,4
329,306,4
330,307,4
331,308,4
332,309,4
333,310,4
334,311,4
335,312,4
336,313,4
337,314,4
338,315,4
339,316,4
340,317,4
341,318,4
342,319,4
343,320,4
344,321,4
345,322,4
346,323,4
347,324,4
348,325,4
349,326,4
350,327,4
351,328,4
352,329,4
353,330,4
354,331,6
355,332,6
356,333,6
357,334,6
358,335,6
359,336,6
360,337,6
361,338,6
362,339,6
363,340,6
364,341,6
365,342,4
366,343,4
367,344,4
368,345,4
369,74,10
370,75,10
371,76,10
372,77,10
373,78,10
374,79,10
375,80,10
376,81,10
377,82,10
378,83,10
379,84,10
380,85,10
381,86,10
382,87,10
383,88,10
384,89,10
385,90,10
386,91,10
387,92,10
388,93,10
389,94,10
390,95,10
391,96,10
392,97,10
393,98,10
394,99,10
395,100,10
396,101,10
397,102,10
398,103,10
399,104,10
400,105,10
401,106,10
402,107,10
403,108,10
404,109,10
405,110,10
406,111,10
407,112,10
408,113,10
409,114,10
410,115,10
411,116,10
412,117,10
413,118,10
414,119,10
415,120,10
416,121,10
417,122,10
418,123,10
419,124,10
420,125,10
421,126,10
422,127,10
423,128,10
424,129,10
425,130,10
426,131,10
427,132,10
428,133,10
429,134,10
430,135,10
431,136,10
432,137,10
433,138,10
434,139,10
435,140,10
436,141,10
437,142,10
438,143,10
439,144,10
440,145,10
441,146,10
442,147,10
443,148,10
444,149,10
445,150,10
446,151,10
447,152,10
448,153,10
449,154,10
450,155,10
451,156,10
452,157,10
453,211,10
454,212,10
455,213,10
456,214,10
457,215,10
458,216,10
459,217,10
460,218,10
461,231,10
462,232,10
463,233,10
464,234,10
465,235,10
466,236,10
467,237,10
468,238,10
469,239,10
470,240,10
471,241,10
472,242,10
473,243,10
474,244,10
475,245,10
476,246,10
477,247,10
478,248,10
479,249,10
480,250,10
481,251,10
482,252,10
483,253,10
484,254,10
485,255,10
486,256,10
487,257,10
488,258,10
489,259,10
490,260,10
491,261,10
492,262,10
493,263,10
494,264,10
495,265,10
496,266,10
497,267,10
498,268,10
499,269,10
500,270,10
501,271,10
502,272,10
503,273,10
504,274,10
505,275,10
506,276,10
507,277,10
508,278,10
509,279,10
510,280,10
511,281,10
512,282,10
513,283,10
514,284,10
515,285,10
516,286,10
517,287,10
518,288,10
519,289,10
520,290,10
521,291,10
522,292,10
523,293,10
524,294,10
525,295,10
526,296,10
527,297,10
528,298,10
529,299,10
530,300,10
531,301,10
532,302,10
533,303,10
534,304,10
535,305,10
536,306,10
537,307,10
538,308,10
539,309,10
540,310,10
541,311,10
542,312,10
543,313,10
544,314,10
545,315,10
546,316,10
547,317,10
548,318,10
549,319,10
550,320,10
551,321,10
552,322,10
553,323,10
554,324,10
555,325,10
556,326,10
557,327,10
558,328,10
559,329,10
560,330,10
561,342,10
562,343,10
563,344,10
564,345,10
565,401,4
566,402,4
567,403,4
568,404,4
569,405,4
570,406,4
571,407,4
572,408,4
573,409,4
574,410,4
575,411,4
576,412,4
577,413,4
578,414,4
579,415,4
580,416,4
581,417,4
582,418,4
583,419,4
584,420,4
585,421,4
586,422,4
587,423,4
588,424,4
589,425,4
590,426,4
591,427,4
592,428,4
593,429,4
594,430,4
595,431,4
596,432,4
597,433,4
598,434,4
599,435,4
600,436,4
601,437,4
602,438,4
603,439,4
604,440,4
605,441,4
606,442,4
607,443,4
608,444,4
609,445,4
610,446,4
611,447,4
612,448,4
613,449,4
614,450,4
615,451,4
616,452,4
617,453,4
618,454,4
619,455,4
620,456,4
621,457,4
622,458,4
623,459,4
624,460,4
625,461,4
626,462,4
627,463,4
628,464,4
629,465,4
630,466,4
631,467,4
632,468,4
633,469,4
634,470,4
635,471,4
636,472,4
637,473,4
638,474,4
639,475,4
640,476,4
641,477,4
642,478,4
643,479,4
644,480,4
645,481,4
646,482,4
647,483,4
648,484,4
649,485,4
650,486,4
651,487,4
652,488,4
653,489,4
654,490,4
655,491,4
656,492,4
657,493,4
658,494,4
659,495,4
660,496,4
661,497,4
662,498,4
663,499,4
664,500,4
665,501,4
666,502,4
667,503,4
668,504,4
669,505,4
670,506,4
671,507,4
672,508,4
673,509,4
674,510,4
675,511,4
676,512,4
677,513,4
678,514,4
679,515,4
680,516,4
681,517,4
682,518,4
683,519,4
684,520,4
685,521,4
686,522,4
687,523,4
688,524,4
689,525,4
690,526,4
691,527,4
692,528,4
693,529,4
694,530,4
695,531,4
696,532,4
697,533,4
698,534,4
699,535,4
700,536,4
701,537,4
702,538,4
703,539,4
704,540,4
705,541,4
706,542,4
707,543,4
708,544,4
709,545,4
710,546,4
711,547,4
712,548,4
713,549,4
714,550,4
715,551,4
716,552,4
717,553,4
718,554,4
719,555,4
720,556,4
721,557,4
722,558,4
723,559,4
724,560,4
725,561,4
726,562,4
727,563,4
728,564,4
729,565,4
730,566,4
731,567,4
732,568,4
733,569,4
734,570,4
735,571,4
736,572,4
737,573,4
738,574,4
739,575,4
740,576,4
741,577,4
742,578,4
743,579,4
744,580,4
745,581,4
746,582,4
747,583,4
748,584,4
749,585,4
750,586,4
751,587,4
752,588,4
753,589,4
754,590,4
755,591,4
756,592,4
757,593,4
758,594,4
759,595,4
760,596,4
761,597,4
762,598,4
763,599,4
764,600,4
765,601,4
766,602,4
767,603,4
768,604,4
769,605,4
770,606,4
771,607,4
772,608,4
773,609,4
774,610,4
775,611,4
776,612,4
777,613,4
778,614,4
779,615,4
780,616,4
781,617,4
782,618,4
783,619,4
784,620,4
785,621,4
786,622,4
787,623,4
788,624,4
789,625,4
790,626,4
791,627,4
792,628,4
793,629,4
794,630,4
795,631,4
796,632,4
797,633,4
798,634,4
799,635,4
800,636,4
801,637,4
802,638,4
803,639,4
804,640,4
805,641,4
806,642,4
807,643,4
808,644,4
809,645,4
810,646,4
811,647,4
812,648,4
813,649,4
814,650,4
815,651,4
816,652,4
817,653,4
818,654,4
819,655,4
820,656,4
821,657,4
822,658,4
823,659,4
824,660,4
825,661,4
826,662,4
827,663,4
828,664,4
829,665,4
830,666,4
831,667,4
832,668,4
833,669,4
834,670,4
835,671,4
836,672,4
837,673,4
838,674,4
839,675,4
840,676,4
841,677,4
842,678,4
843,679,4
844,680,4
845,681,4
846,682,4
847,683,4
848,684,4
849,685,4
850,686,4
851,687,4
852,688,4
853,689,4
854,690,4
855,691,4
856,692,4
857,693,4
858,694,4
859,695,4
860,696,4
861,697,4
862,698,4
863,699,4
864,700,4
865,701,4
866,702,4
867,703,4
868,704,4
869,705,4
870,706,4
871,707,4
872,708,4
873,709,4
874,710,4
875,711,4
876,712,4
877,713,4
878,714,4
879,715,4
880,716,4
881,717,4
882,718,4
883,719,4
884,720,4
885,721,4
886,722,4
887,723,4
888,724,4
889,725,4
890,726,4
891,727,4
892,728,4
893,729,4
894,730,4
895,731,4
896,732,4
897,733,4
898,734,4
899,735,4
900,736,4
901,737,4
902,738,4
903,739,4
904,740,4
905,741,4
906,742,4
907,743,4
908,744,4
909,745,4
910,746,4
911,747,4
912,748,4
913,749,4
914,750,4
915,751,4
916,752,4
917,753,4
918,754,4
919,755,4
920,756,4
921,757,4
922,758,4
923,759,4
924,760,4
925,761,4
926,762,4
927,763,4
928,764,4
929,3102301,4
930,3102302,4
931,3102303,4
932,3102304,4
933,3102305,4
934,3102306,4
935,3102307,4
936,3102311,4
937,3102312,4
938,3102313,4
939,3102314,4
940,3102315,4
941,3102316,4
942,3102317,4
943,3102321,4
944,3102322,4
945,3102323,4
946,3102324,4
947,3102325,4
948,3102326,4
949,3102327,4
950,3102331,4
951,3102332,4
952,3102333,4
953,3102334,4
954,3102335,4
955,3102336,4
956,3102337,4
957,3102341,4
958,3102342,4
959,3102343,4
960,3102344,4
961,3102345,4
962,3102346,4
963,3102347,4
964,3102401,4
965,3102402,4
966,3102403,4
967,3102404,4
968,3102405,4
969,3102406,4
970,3102407,4
971,3102411,4
972,3102412,4
973,3102413,4
974,3102414,4
975,3102415,4
976,3102416,4
977,3102417,4
978,3102421,4
979,3102422,4
980,3102423,4
981,3102424,4
982,3102425,4
983,3102426,4
984,3102427,4
985,3102431,4
986,3102432,4
987,3102433,4
988,3102434,4
989,3102435,4
990,3102436,4
991,3102437,4
992,3102441,4
993,3102442,4
994,3102443,4
995,3102444,4
996,3102445,4
997,3102446,4
998,3102447,4
999,3102501,4
1000,3102502,4
1001,3102503,4
1002,3102504,4
1003,3102505,4
1004,3102506,4
1005,3102507,4
1006,3102511,4
1007,3102512,4
1008,3102513,4
1009,3102514,4
1010,3102515,4
1011,3102516,4
1012,3102517,4
1013,3102521,4
1014,3102522,4
1015,3102523,4
1016,3102524,4
1017,3102525,4
1018,3102526,4
1019,3102527,4
1020,3102531,4
1021,3102532,4
1022,3102533,4
1023,3102534,4
1024,3102535,4
1025,3102536,4
1026,3102537,4
1027,3102541,4
1028,3102542,4
1029,3102543,4
1030,3102544,4
1031,3102545,4
1032,3102546,4
1033,3102547,4
1034,3102601,4
1035,3102602,4
1036,3102603,4
1037,3102604,4
1038,3102605,4
1039,3102606,4
1040,3102607,4
1041,3102611,4
1042,3102612,4
1043,3102613,4
1044,3102614,4
1045,3102615,4
1046,3102616,4
1047,3102617,4
1048,3102621,4
1049,3102622,4
1050,3102623,4
1051,3102624,4
1052,3102625,4
1053,3102626,4
1054,3102627,4
1055,3102631,4
1056,3102632,4
1057,3102633,4
1058,3102634,4
1059,3102635,4
1060,3102636,4
1061,3102637,4
1062,3102641,4
1063,3102642,4
1064,3102643,4
1065,3102644,4
1066,3102645,4
1067,3102646,4
1068,3102647,4
1069,3202301,4
1070,3202302,4
1071,3202303,4
1072,3202304,4
1073,3202305,4
1074,3202306,4
1075,3202307,4
1076,3202311,4
1077,3202312,4
1078,3202313,4
1079,3202314,4
1080,3202315,4
1081,3202316,4
1082,3202317,4
1083,3202321,4
1084,3202322,4
1085,3202323,4
1086,3202324,4
1087,3202325,4
1088,3202326,4
1089,3202327,4
1090,3202331,4
1091,3202332,4
1092,3202333,4
1093,3202334,4
1094,3202335,4
1095,3202336,4
1096,3202337,4
1097,3202341,4
1098,3202342,4
1099,3202343,4
1100,3202344,4
1101,3202345,4
1102,3202346,4
1103,3202347,4
1104,3202401,4
1105,3202402,4
1106,3202403,4
1107,3202404,4
1108,3202405,4
1109,3202406,4
1110,3202407,4
1111,3202411,4
1112,3202412,4
1113,3202413,4
1114,3202414,4
1115,3202415,4
1116,3202416,4
1117,3202417,4
1118,3202421,4
1119,3202422,4
1120,3202423,4
1121,3202424,4
1122,3202425,4
1123,3202426,4
1124,3202427,4
1125,3202431,4
1126,3202432,4
1127,3202433,4
1128,3202434,4
1129,3202435,4
1130,3202436,4
1131,3202437,4
1132,3202441,4
1133,3202442,4
1134,3202443,4
1135,3202444,4
1136,3202445,4
1137,3202446,4
1138,3202447,4
1139,3202501,4
1140,3202502,4
1141,3202503,4
1142,3202504,4
1143,3202505,4
1144,3202506,4
1145,3202507,4
1146,3202511,4
1147,3202512,4
1148,3202513,4
1149,3202514,4
1150,3202515,4
1151,3202516,4
1152,3202517,4
1153,3202521,4
1154,3202522,4
1155,3202523,4
1156,3202524,4
1157,3202525,4
1158,3202526,4
1159,3202527,4
1160,3202531,4
1161,3202532,4
1162,3202533,4
1163,3202534,4
1164,3202535,4
1165,3202536,4
1166,3202537,4
1167,3202541,4
1168,3202542,4
1169,3202543,4
1170,3202544,4
1171,3202545,4
1172,3202546,4
1173,3202547,4
1174,3202601,4
1175,3202602,4
1176,3202603,4
1177,3202604,4
1178,3202605,4
1179,3202606,4
1180,3202607,4
1181,3202611,4
1182,3202612,4
1183,3202613,4
1184,3202614,4
1185,3202615,4
1186,3202616,4
1187,3202617,4
1188,3202621,4
1189,3202622,4
1190,3202623,4
1191,3202624,4
1192,3202625,4
1193,3202626,4
1194,3202627,4
1195,3202631,4
1196,3202632,4
1197,3202633,4
1198,3202634,4
1199,3202635,4
1200,3202636,4
1201,3202637,4
1202,3202641,4
1203,3202642,4
1204,3202643,4
1205,3202644,4
1206,3202645,4
1207,3202646,4
1208,3202647,4
1209,3102701,4
1210,3102711,4
1211,3102721,4
1212,3102731,4
1213,3102741,4
1214,3202701,4
1215,3202711,4
1216,3202721,4
1217,3202731,4
1218,3202741,4
1219,3102801,4
1220,3102811,4
1221,3102821,4
1222,3102831,4
1223,3102841,4
1224,3202801,4
1225,3202811,4
1226,3202821,4
1227,3202831,4
1228,3202841,4
1229,3102702,4
1230,3102712,4
1231,3102722,4
1232,3102732,4
1233,3102742,4
1234,3202702,4
1235,3202712,4
1236,3202722,4
1237,3202732,4
1238,3202742,4
1239,3102802,4
1240,3102812,4
1241,3102822,4
1242,3102832,4
1243,3102842,4
1244,3202802,4
1245,3202812,4
1246,3202822,4
1247,3202832,4
1248,3202842,4
1249,3102703,4
1250,3102713,4
1251,3102723,4
1252,3102733,4
1253,3102743,4
1254,3202703,4
1255,3202713,4
1256,3202723,4
1257,3202733,4
1258,3202743,4
1259,3102803,4
1260,3102813,4
1261,3102823,4
1262,3102833,4
1263,3102843,4
1264,3202803,4
1265,3202813,4
1266,3202823,4
1267,3202833,4
1268,3202843,4
1269,3102704,4
1270,3102714,4
1271,3102724,4
1272,3102734,4
1273,3102744,4
1274,3202704,4
1275,3202714,4
1276,3202724,4
1277,3202734,4
1278,3202744,4
1279,3102804,4
1280,3102814,4
1281,3102824,4
1282,3102834,4
1283,3102844,4
1284,3202804,4
1285,3202814,4
1286,3202824,4
1287,3202834,4
1288,3202844,4
1289,3102705,4
1290,3102715,4
1291,3102725,4
1292,3102735,4
1293,3102745,4
1294,3202705,4
1295,3202715,4
1296,3202725,4
1297,3202735,4
1298,3202745,4
1299,3102805,4
1300,3102815,4
1301,3102825,4
1302,3102835,4
1303,3102845,4
1304,3202805,4
1305,3202815,4
1306,3202825,4
1307,3202835,4
1308,3202845,4
1309,3102706,4
1310,3102716,4
1311,3102726,4
1312,3102736,4
1313,3102746,4
1314,3202706,4
1315,3202716,4
1316,3202726,4
1317,3202736,4
1318,3202746,4
1319,3102806,4
1320,3102816,4
1321,3102826,4
1322,3102836,4
1323,3102846,4
1324,3202806,4
1325,3202816,4
1326,3202826,4
1327,3202836,4
1328,3202846,4
1329,3102707,4
1330,3102717,4
1331,3102727,4
1332,3102737,4
1333,3102747,4
1334,3202707,4
1335,3202717,4
1336,3202727,4
1337,3202737,4
1338,3202747,4
1339,3102807,4
1340,3102817,4
1341,3102827,4
1342,3102837,4
1343,3102847,4
1344,3202807,4
1345,3202817,4
1346,3202827,4
1347,3202837,4
1348,3202847,4
1349,1100211,5
1350,1100212,5
1351,1100213,5
1352,1100214,5
1353,1100215,5
1354,1100216,5
1355,1100217,5
1356,1100231,5
1357,1100232,5
1358,1100233,5
1359,1100234,5
1360,1100235,5
1361,1100236,5
1362,1100237,5
1363,1100201,5
1364,1100202,5
1365,1100203,5
1366,1100204,5
1367,1100205,5
1368,1100206,5
1369,1100207,5
1370,1200131,5
1371,1200132,5
1372,1200133,5
1373,1200134,5
1374,1200135,5
1375,1200136,5
1376,1200137,5
1377,1200051,5
1378,1200052,5
1379,1200053,5
1380,1200054,5
1381,1200055,5
1382,1200056,5
1383,1200057,5
1384,1200061,5
1385,1200062,5
1386,1200063,5
1387,1200064,5
1388,1200065,5
1389,1200066,5
1390,1200067,5
1391,1300041,5
1392,1300042,5
1393,1300043,5
1394,1300044,5
1395,1300045,5
1396,1300046,5
1397,1300047,5
1398,1300171,5
1399,1300172,5
1400,1300173,5
1401,1300174,5
1402,1300175,5
1403,1300176,5
1404,1300177,5
1405,1300211,5
1406,1300212,5
1407,1300213,5
1408,1300214,5
1409,1300215,5
1410,1300216,5
1411,1300217,5
1412,1300251,5
1413,1300252,5
1414,1300253,5
1415,1300254,5
1416,1300255,5
1417,1300256,5
1418,1300257,5
1419,1400041,5
1420,1400042,5
1421,1400043,5
1422,1400044,5
1423,1400045,5
1424,1400046,5
1425,1400047,5
1426,1400091,5
1427,1400092,5
1428,1400093,5
1429,1400094,5
1430,1400095,5
1431,1400096,5
1432,1400097,5
1433,1400161,5
1434,1400162,5
1435,1400163,5
1436,1400164,5
1437,1400165,5
1438,1400166,5
1439,1400167,5
1440,401,10
1441,402,10
1442,403,10
1443,404,10
1444,405,10
1445,406,10
1446,407,10
1447,408,10
1448,409,10
1449,410,10
1450,411,10
1451,412,10
1452,413,10
1453,414,10
1454,415,10
1455,416,10
1456,417,10
1457,418,10
1458,419,10
1459,420,10
1460,421,10
1461,422,10
1462,423,10
1463,424,10
1464,425,10
1465,426,10
1466,427,10
1467,428,10
1468,429,10
1469,430,10
1470,431,10
1471,432,10
1472,433,10
1473,434,10
1474,435,10
1475,436,10
1476,437,10
1477,438,10
1478,439,10
1479,440,10
1480,441,10
1481,442,10
1482,443,10
1483,444,10
1484,445,10
1485,446,10
1486,447,10
1487,448,10
1488,449,10
1489,450,10
1490,451,10
1491,452,10
1492,453,10
1493,454,10
1494,455,10
1495,456,10
1496,457,10
1497,458,10
1498,459,10
1499,460,10
1500,461,10
1501,462,10
1502,463,10
1503,464,10
1504,465,10
1505,466,10
1506,467,10
1507,468,10
1508,469,10
1509,470,10
1510,471,10
1511,472,10
1512,473,10
1513,474,10
1514,475,10
1515,476,10
1516,477,10
1517,478,10
1518,479,10
1519,480,10
1520,481,10
1521,482,10
1522,483,10
1523,484,10
1524,485,10
1525,486,10
1526,487,10
1527,488,10
1528,489,10
1529,490,10
1530,491,10
1531,492,10
1532,493,10
1533,494,10
1534,495,10
1535,496,10
1536,497,10
1537,498,10
1538,499,10
1539,500,10
1540,501,10
1541,502,10
1542,503,10
1543,504,10
1544,505,10
1545,506,10
1546,507,10
1547,508,10
1548,509,10
1549,510,10
1550,511,10
1551,512,10
1552,513,10
1553,514,10
1554,515,10
1555,516,10
1556,517,10
1557,518,10
1558,519,10
1559,520,10
1560,521,10
1561,522,10
1562,523,10
1563,524,10
1564,525,10
1565,526,10
1566,527,10
1567,528,10
1568,529,10
1569,530,10
1570,531,10
1571,532,10
1572,533,10
1573,534,10
1574,535,10
1575,536,10
1576,537,10
1577,538,10
1578,539,10
1579,540,10
1580,541,10
1581,542,10
1582,543,10
1583,544,10
1584,545,10
1585,546,10
1586,547,10
1587,548,10
1588,549,10
1589,550,10
1590,551,10
1591,552,10
1592,553,10
1593,554,10
1594,555,10
1595,556,10
1596,557,10
1597,558,10
1598,559,10
1599,560,10
1600,561,10
1601,562,10
1602,563,10
1603,564,10
1604,565,10
1605,566,10
1606,567,10
1607,568,10
1608,569,10
1609,570,10
1610,571,10
1611,572,10
1612,573,10
1613,574,10
1614,575,10
1615,576,10
1616,577,10
1617,578,10
1618,579,10
1619,580,10
1620,581,10
1621,582,10
1622,583,10
1623,584,10
1624,585,10
1625,586,10
1626,587,10
1627,588,10
1628,589,10
1629,590,10
1630,591,10
1631,592,10
1632,593,10
1633,594,10
1634,595,10
1635,596,10
1636,597,10
1637,598,10
1638,599,10
1639,600,10
1640,601,10
1641,602,10
1642,603,10
1643,604,10
1644,605,10
1645,606,10
1646,607,10
1647,608,10
1648,609,10
1649,610,10
1650,611,10
1651,612,10
1652,613,10
1653,614,10
1654,615,10
1655,616,10
1656,617,10
1657,618,10
1658,619,10
1659,620,10
1660,621,10
1661,622,10
1662,623,10
1663,624,10
1664,625,10
1665,626,10
1666,627,10
1667,628,10
1668,629,10
1669,630,10
1670,631,10
1671,632,10
1672,633,10
1673,634,10
1674,635,10
1675,636,10
1676,637,10
1677,638,10
1678,639,10
1679,640,10
1680,641,10
1681,642,10
1682,643,10
1683,644,10
1684,645,10
1685,646,10
1686,647,10
1687,648,10
1688,649,10
1689,650,10
1690,651,10
1691,652,10
1692,653,10
1693,654,10
1694,655,10
1695,656,10
1696,657,10
1697,658,10
1698,659,10
1699,660,10
1700,661,10
1701,662,10
1702,663,10
1703,664,10
1704,665,10
1705,666,10
1706,667,10
1707,668,10
1708,669,10
1709,670,10
1710,671,10
1711,672,10
1712,673,10
1713,674,10
1714,675,10
1715,676,10
1716,677,10
1717,678,10
1718,679,10
1719,680,10
1720,681,10
1721,682,10
1722,683,10
1723,684,10
1724,685,10
1725,686,10
1726,687,10
1727,688,10
1728,689,10
1729,690,10
1730,691,10
1731,692,10
1732,693,10
1733,694,10
1734,695,10
1735,696,10
1736,697,10
1737,698,10
1738,699,10
1739,700,10
1740,701,10
1741,702,10
1742,703,10
1743,704,10
1744,705,10
1745,706,10
1746,707,10
1747,708,10
1748,709,10
1749,710,10
1750,711,10
1751,712,10
1752,713,10
1753,714,10
1754,715,10
1755,716,10
1756,717,10
1757,718,10
1758,719,10
1759,720,10
1760,721,10
1761,722,10
1762,723,10
1763,724,10
1764,725,10
1765,726,10
1766,727,10
1767,728,10
1768,729,10
1769,730,10
1770,731,10
1771,732,10
1772,733,10
1773,734,10
1774,735,10
1775,736,10
1776,737,10
1777,738,10
1778,739,10
1779,740,10
1780,741,10
1781,742,10
1782,743,10
1783,744,10
1784,745,10
1785,746,10
1786,747,10
1787,748,10
1788,749,10
1789,750,10
1790,751,10
1791,752,10
1792,753,10
1793,754,10
1794,755,10
1795,756,10
1796,757,10
1797,758,10
1798,759,10
1799,760,10
1800,761,10
1801,762,10
1802,763,10
1803,764,10
1804,3102301,10
1805,3102302,10
1806,3102303,10
1807,3102304,10
1808,3102305,10
1809,3102306,10
1810,3102307,10
1811,3102311,10
1812,3102312,10
1813,3102313,10
1814,3102314,10
1815,3102315,10
1816,3102316,10
1817,3102317,10
1818,3102321,10
1819,3102322,10
1820,3102323,10
1821,3102324,10
1822,3102325,10
1823,3102326,10
1824,3102327,10
1825,3102331,10
1826,3102332,10
1827,3102333,10
1828,3102334,10
1829,3102335,10
1830,3102336,10
1831,3102337,10
1832,3102341,10
1833,3102342,10
1834,3102343,10
1835,3102344,10
1836,3102345,10
1837,3102346,10
1838,3102347,10
1839,3102401,10
1840,3102402,10
1841,3102403,10
1842,3102404,10
1843,3102405,10
1844,3102406,10
1845,3102407,10
1846,3102411,10
1847,3102412,10
1848,3102413,10
1849,3102414,10
1850,3102415,10
1851,3102416,10
1852,3102417,10
1853,3102421,10
1854,3102422,10
1855,3102423,10
1856,3102424,10
1857,3102425,10
1858,3102426,10
1859,3102427,10
1860,3102431,10
1861,3102432,10
1862,3102433,10
1863,3102434,10
1864,3102435,10
1865,3102436,10
1866,3102437,10
1867,3102441,10
1868,3102442,10
1869,3102443,10
1870,3102444,10
1871,3102445,10
1872,3102446,10
1873,3102447,10
1874,3102501,10
1875,3102502,10
1876,3102503,10
1877,3102504,10
1878,3102505,10
1879,3102506,10
1880,3102507,10
1881,3102511,10
1882,3102512,10
1883,3102513,10
1884,3102514,10
1885,3102515,10
1886,3102516,10
1887,3102517,10
1888,3102521,10
1889,3102522,10
1890,3102523,10
1891,3102524,10
1892,3102525,10
1893,3102526,10
1894,3102527,10
1895,3102531,10
1896,3102532,10
1897,3102533,10
1898,3102534,10
1899,3102535,10
1900,3102536,10
1901,3102537,10
1902,3102541,10
1903,3102542,10
1904,3102543,10
1905,3102544,10
1906,3102545,10
1907,3102546,10
1908,3102547,10
1909,3102601,10
1910,3102602,10
1911,3102603,10
1912,3102604,10
1913,3102605,10
1914,3102606,10
1915,3102607,10
1916,3102611,10
1917,3102612,10
1918,3102613,10
1919,3102614,10
1920,3102615,10
1921,3102616,10
1922,3102617,10
1923,3102621,10
1924,3102622,10
1925,3102623,10
1926,3102624,10
1927,3102625,10
1928,3102626,10
1929,3102627,10
1930,3102631,10
1931,3102632,10
1932,3102633,10
1933,3102634,10
1934,3102635,10
1935,3102636,10
1936,3102637,10
1937,3102641,10
1938,3102642,10
1939,3102643,10
1940,3102644,10
1941,3102645,10
1942,3102646,10
1943,3102647,10
1944,3202301,10
1945,3202302,10
1946,3202303,10
1947,3202304,10
1948,3202305,10
1949,3202306,10
1950,3202307,10
1951,3202311,10
1952,3202312,10
1953,3202313,10
1954,3202314,10
1955,3202315,10
1956,3202316,10
1957,3202317,10
1958,3202321,10
1959,3202322,10
1960,3202323,10
1961,3202324,10
1962,3202325,10
1963,3202326,10
1964,3202327,10
1965,3202331,10
1966,3202332,10
1967,3202333,10
1968,3202334,10
1969,3202335,10
1970,3202336,10
1971,3202337,10
1972,3202341,10
1973,3202342,10
1974,3202343,10
1975,3202344,10
1976,3202345,10
1977,3202346,10
1978,3202347,10
1979,3202401,10
1980,3202402,10
1981,3202403,10
1982,3202404,10
1983,3202405,10
1984,3202406,10
1985,3202407,10
1986,3202411,10
1987,3202412,10
1988,3202413,10
1989,3202414,10
1990,3202415,10
1991,3202416,10
1992,3202417,10
1993,3202421,10
1994,3202422,10
1995,3202423,10
1996,3202424,10
1997,3202425,10
1998,3202426,10
1999,3202427,10
2000,3202431,10
2001,3202432,10
2002,3202433,10
2003,3202434,10
2004,3202435,10
2005,3202436,10
2006,3202437,10
2007,3202441,10
2008,3202442,10
2009,3202443,10
2010,3202444,10
2011,3202445,10
2012,3202446,10
2013,3202447,10
2014,3202501,10
2015,3202502,10
2016,3202503,10
2017,3202504,10
2018,3202505,10
2019,3202506,10
2020,3202507,10
2021,3202511,10
2022,3202512,10
2023,3202513,10
2024,3202514,10
2025,3202515,10
2026,3202516,10
2027,3202517,10
2028,3202521,10
2029,3202522,10
2030,3202523,10
2031,3202524,10
2032,3202525,10
2033,3202526,10
2034,3202527,10
2035,3202531,10
2036,3202532,10
2037,3202533,10
2038,3202534,10
2039,3202535,10
2040,3202536,10
2041,3202537,10
2042,3202541,10
2043,3202542,10
2044,3202543,10
2045,3202544,10
2046,3202545,10
2047,3202546,10
2048,3202547,10
2049,3202601,10
2050,3202602,10
2051,3202603,10
2052,3202604,10
2053,3202605,10
2054,3202606,10
2055,3202607,10
2056,3202611,10
2057,3202612,10
2058,3202613,10
2059,3202614,10
2060,3202615,10
2061,3202616,10
2062,3202617,10
2063,3202621,10
2064,3202622,10
2065,3202623,10
2066,3202624,10
2067,3202625,10
2068,3202626,10
2069,3202627,10
2070,3202631,10
2071,3202632,10
2072,3202633,10
2073,3202634,10
2074,3202635,10
2075,3202636,10
2076,3202637,10
2077,3202641,10
2078,3202642,10
2079,3202643,10
2080,3202644,10
2081,3202645,10
2082,3202646,10
2083,3202647,10
2084,3102701,10
2085,3102711,10
2086,3102721,10
2087,3102731,10
2088,3102741,10
2089,3202701,10
2090,3202711,10
2091,3202721,10
2092,3202731,10
2093,3202741,10
2094,3102801,10
2095,3102811,10
2096,3102821,10
2097,3102831,10
2098,3102841,10
2099,3202801,10
2100,3202811,10
2101,3202821,10
2102,3202831,10
2103,3202841,10
2104,3102702,10
2105,3102712,10
2106,3102722,10
2107,3102732,10
2108,3102742,10
2109,3202702,10
2110,3202712,10
2111,3202722,10
2112,3202732,10
2113,3202742,10
2114,3102802,10
2115,3102812,10
2116,3102822,10
2117,3102832,10
2118,3102842,10
2119,3202802,10
2120,3202812,10
2121,3202822,10
2122,3202832,10
2123,3202842,10
2124,3102703,10
2125,3102713,10
2126,3102723,10
2127,3102733,10
2128,3102743,10
2129,3202703,10
2130,3202713,10
2131,3202723,10
2132,3202733,10
2133,3202743,10
2134,3102803,10
2135,3102813,10
2136,3102823,10
2137,3102833,10
2138,3102843,10
2139,3202803,10
2140,3202813,10
2141,3202823,10
2142,3202833,10
2143,3202843,10
2144,3102704,10
2145,3102714,10
2146,3102724,10
2147,3102734,10
2148,3102744,10
2149,3202704,10
2150,3202714,10
2151,3202724,10
2152,3202734,10
2153,3202744,10
2154,3102804,10
2155,3102814,10
2156,3102824,10
2157,3102834,10
2158,3102844,10
2159,3202804,10
2160,3202814,10
2161,3202824,10
2162,3202834,10
2163,3202844,10
2164,3102705,10
2165,3102715,10
2166,3102725,10
2167,3102735,10
2168,3102745,10
2169,3202705,10
2170,3202715,10
2171,3202725,10
2172,3202735,10
2173,3202745,10
2174,3102805,10
2175,3102815,10
2176,3102825,10
2177,3102835,10
2178,3102845,10
2179,3202805,10
2180,3202815,10
2181,3202825,10
2182,3202835,10
2183,3202845,10
2184,3102706,10
2185,3102716,10
2186,3102726,10
2187,3102736,10
2188,3102746,10
2189,3202706,10
2190,3202716,10
2191,3202726,10
2192,3202736,10
2193,3202746,10
2194,3102806,10
2195,3102816,10
2196,3102826,10
2197,3102836,10
2198,3102846,10
2199,3202806,10
2200,3202816,10
2201,3202826,10
2202,3202836,10
2203,3202846,10
2204,3102707,10
2205,3102717,10
2206,3102727,10
2207,3102737,10
2208,3102747,10
2209,3202707,10
2210,3202717,10
2211,3202727,10
2212,3202737,10
2213,3202747,10
2214,3102807,10
2215,3102817,10
2216,3102827,10
2217,3102837,10
2218,3102847,10
2219,3202807,10
2220,3202817,10
2221,3202827,10
2222,3202837,10
2223,3202847,10
2224,1100211,11
2225,1100212,11
2226,1100213,11
2227,1100214,11
2228,1100215,11
2229,1100216,11
2230,1100217,11
2231,1100231,11
2232,1100232,11
2233,1100233,11
2234,1100234,11
2235,1100235,11
2236,1100236,11
2237,1100237,11
2238,1100201,11
2239,1100202,11
2240,1100203,11
2241,1100204,11
2242,1100205,11
2243,1100206,11
2244,1100207,11
2245,1200131,11
2246,1200132,11
2247,1200133,11
2248,1200134,11
2249,1200135,11
2250,1200136,11
2251,1200137,11
2252,1200051,11
2253,1200052,11
2254,1200053,11
2255,1200054,11
2256,1200055,11
2257,1200056,11
2258,1200057,11
2259,1200061,11
2260,1200062,11
2261,1200063,11
2262,1200064,11
2263,1200065,11
2264,1200066,11
2265,1200067,11
2266,1300041,11
2267,1300042,11
2268,1300043,11
2269,1300044,11
2270,1300045,11
2271,1300046,11
2272,1300047,11
2273,1300171,11
2274,1300172,11
2275,1300173,11
2276,1300174,11
2277,1300175,11
2278,1300176,11
2279,1300177,11
2280,1300211,11
2281,1300212,11
2282,1300213,11
2283,1300214,11
2284,1300215,11
2285,1300216,11
2286,1300217,11
2287,1300251,11
2288,1300252,11
2289,1300253,11
2290,1300254,11
2291,1300255,11
2292,1300256,11
2293,1300257,11
2294,1400041,11
2295,1400042,11
2296,1400043,11
2297,1400044,11
2298,1400045,11
2299,1400046,11
2300,1400047,11
2301,1400091,11
2302,1400092,11
2303,1400093,11
2304,1400094,11
2305,1400095,11
2306,1400096,11
2307,1400097,11
2308,1400161,11
2309,1400162,11
2310,1400163,11
2311,1400164,11
2312,1400165,11
2313,1400166,11
2314,1400167,11
2315,1100241,5
2316,1200171,5
2317,1300231,5
2318,1400211,5
2319,1100242,5
2320,1200172,5
2321,1300232,5
2322,1400212,5
2323,1100243,5
2324,1200173,5
2325,1300233,5
2326,1400213,5
2327,1100244,5
2328,1200174,5
2329,1300234,5
2330,1400214,5
2331,1100245,5
2332,1200175,5
2333,1300235,5
2334,1400215,5
2335,1100246,5
2336,1200176,5
2337,1300236,5
2338,1400216,5
2339,1100247,5
2340,1200177,5
2341,1300237,5
2342,1400217,5
2343,1100241,11
2344,1200171,11
2345,1300231,11
2346,1400211,11
2347,1100242,11
2348,1200172,11
2349,1300232,11
2350,1400212,11
2351,1100243,11
2352,1200173,11
2353,1300233,11
2354,1400213,11
2355,1100244,11
2356,1200174,11
2357,1300234,11
2358,1400214,11
2359,1100245,11
2360,1200175,11
2361,1300235,11
2362,1400215,11
2363,1100246,11
2364,1200176,11
2365,1300236,11
2366,1400216,11
2367,1100247,11
2368,1200177,11
2369,1300237,11
2370,1400217,11
