episode_id,t1,t2,t3,t4,a,b
0,All Episodes,Displays all episodes.,0,,1,0
1,[26] The Wizard of Oz,Marsh isn't the only thing troubling Paige-sensei! A book called The Wizard of Oz has vanished from the library. But it seems the book was never taken outside... Let's go deep into the library and search for the missing book! Then, a mysterious girl named Dorothy-and "something"-appear!,Students in year 1 or above who cleared “Robogas Explosion”,,1,10001
2,[87] Operation Rescue Johnny,"At Mei's request, the group enters the greenhouse and successfully rescues Johnny. But Johnny is worried about the Great Baraus deep inside the greenhouse... Just what is the Great Baraus?",Students in year 3 or above who cleared “Wisdom Teeth”,,1,10402
3,[52] Henkuma's Heist,"Henkuma, owner of the shady stall in front of the school, collects used women's handkerchiefs! He has his eyes fixed on the handkerchief of Bianca, the famous sexy school nurse. Take Henkuma's request and sneak into Bianca's mansion together. But rumor says Bianca-sensei is the daughter of a mafia boss...",Students in year 2 or above who cleared “Catch the Book Thief!”,,1,10702
4,[69] Henkuma's Retry,"Henkuma, owner of the shady stall in front of the school!! A collector of suspicious goods!! Undeterred by his last failure, he asks once again for Bianca's handkerchief... What a stubborn guy! But Bianca-sensei won't be so forgiving this time!",Students in year 3 or above who cleared “Duel at the School Gate”,,1,10402
5,[1] Hallway Full of Boxes,"Because of EVP, monsters called Soso have started appearing all over the school. They're no big deal to everyone else, but Ben-sensei is terrified of them. During his night shift, Soso appeared in the hallway and threw him into a panic. Wipe out all the Soso in the hallway, for Ben-sensei and for peace at school!",Students in year 1 or above,,1,10001
6,[5] Ratchu Extermination Ope,"Single and unmarried, with knitting as a hobby and court cuisine among her talents, Somunyang-sensei is an elegant lady known for her refined speech. But to her horror, she has spotted a mouse! For the teacher, who says she cannot hold class like this, the mouse extermination operation begins! But no matter how many you beat, more keep appearing, so working with friends is important!!",Students in year 1 or above who cleared “Geto's Great March!”,,1,10001
7,[46] Mao-sensei's Bag,"Mao Xiaoping-sensei is always smiling, but no one knows what he is thinking. Who was fearless enough to steal Mao-sensei's bag?! You went to the classroom to look for it, but the bag is nowhere to be found... Who could the culprit be?",Students in year 2 or above who cleared “Lost Lamb”,,1,10702
8,[36] Midnight Ghost,"After a murder case, now a ghost?! Suspicious rumors are spreading that a ghost wanders the school at midnight. This time the client is Riez-sensei, Estiva's only sensible person, passionate and devoted to the students! Investigate the incident and drive out the ghost!!",Students in year 2 or above who cleared “Suchong's Strange Case Files”,,1,10702
9,[35] Guardian of the Seal,"Mao Xiaoping-sensei has asked you to destroy a “dangerous thing under the library.” After a hard fight, you arrive at a place containing an “antique” pillar that looks out of place in a library!! When you destroy it... whoa, who is that powerful-looking thing that suddenly appeared?!",0,,1,0
10,[55] Is the Truth Out There?,"Mei, who calls herself greenhouse manager Johnny's “cute girlfriend” and insists she is his capable assistant, suspects Mao Xiaoping-sensei may be behind the strange things appearing in the greenhouse. She asks you to tail Mao-sensei, who has been doing something in the lab every night...",Students in year 2 or above who cleared “Henkuma's Suspicious Request”,,1,10702
11,[75] Sunken Classroom,"A water pipe burst and flooded the school! The water must be pumped out to restore things, but Myurobies appearing from somewhere are getting in the way. Defeat the Myurobies and pump out the water-it's going to be a busy day!!",Students in year 3 or above who cleared “Object X From Beyond”,,1,10402
12,[100] Beloved François,"It seems Somunyang-sensei's cute pet has run away. The group searches the underground waterway and finds the “cute” pet... Whatever it really is, return it safely to the teacher.",Students in year 4 or above who cleared “Protect the Greenhouse”,,1,10004
13,[63] The Watergate Incident,"Because someone destroyed the underground waterway lever, the waterway is on the verge of overflowing. Fortunately, it seems you can also enter the underground waterway through a secret passage deep in the library. ...Let's go! Only you can stop the flooding!",Students in year 3 or above who cleared “First Contact”,,1,10402
14,[34] Suchong's Strange Case ,"With monsters multiplying explosively and the school in an uproar, rumors spread that a murder occurred in the greenhouse. Power-hungry Suchong seems to want to use this case as a stepping stone toward becoming student council president. You follow Suchong around the greenhouse looking for a body... But did a murder really happen? Is there really a body?",Students in year 2 or above who cleared “Sheep or Greenhouse”,,1,10702
15,[14] Student Council Mission,"Clumsy Mocha secretly admires Suchong from the student council. But unlike Mocha's fantasy, rumors say Suchong is just an ambitious fool... One day, that very Suchong tells the students he will lead them to exterminate monsters. But when you arrive, Suchong's orders are different from what he said at first! Mocha, stop thinking about a guy like this and come to me!",Students in year 1 or above who cleared “The Sheep's Appetite”,,1,10001
16,[40] Council Mission Reload,"After causing controversy in the “Special Mission Student Council” incident, Suchong now says you should exterminate the Teddies in the library. When you go to the library, Teddies do appear... but it seems Suchong is interested in something else. And then, yet another mishap occurs... Will you still trust him and go on? Or turn back here?",Students in year 2 or above who cleared “Ben-sensei's Household Finances”,,1,10702
17,[3] Geto's Great March!,"After the Soso incident, giant caterpillars called Geto have appeared in huge numbers on the school route! The girls are apparently too scared of Geto to go to school. Students! It might be gross, but wipe out the swarm of Geto in front of the school gate!",Students in year 1 or above who cleared “Boxes Filling the Hallway @ 2F”,,1,10001
18,[7] Marsh Attack!,"A distress signal comes from the quiet and beautiful librarian, Paige-sensei! The book-eating Marsh have always made managing the library difficult, but lately they have been appearing in huge numbers, so she wants them exterminated. Marsh attack in groups, so be careful!",Students in year 1 or above who cleared “Ratchu Extermination Operation”,,1,10001
19,[98] Protect the Greenhouse,"The greenhouse is flooded!! Worse, huge numbers of water-dwelling Myurobies have settled there, making it impossible to handle. Break the stones to drain the water, and defeat the Myurobies too.",Students in year 4 or above who cleared “The Flaming Infirmary”,,1,10004
20,[81] They're at the mountain,"The school's back mountain has been occupied by the Sparbies, who call themselves a “traveling tribe.” They block students' passage and even attack the sheep in the pen, so drive them out quickly! Will the Sparbies' rampage continue unless King Sparbie is defeated?",Students in year 3 or above who cleared “The Wolf Is Coming!”,,1,10402
21,[108] Henkuma Library,"Henkuma, the boss of the shady stalls in front of the school, now asks you to bring him an adults-only book from the library. You head to the library to sneak it out without Paige-sensei noticing, only to find Dorothy with no memory and Bobokan in a panic. And for some reason, Baraus that should be in the greenhouse are swarming the library! What is going on in the library...?",Students in year 4 or above who cleared “They Came to the Greenhouse”,,1,10004
22,[73] Object X From Beyond,"An incident occurs where students who enter the library lose their memories. Dorothy, Karte, Suchong... what happened to them? If you don't defeat the mysterious fluttering creature in time, it will steal every memory in your head! Defeat the creature and recover the stolen memories of everyone whose minds were emptied.",Students in year 3 or above who cleared “Escargot Rush”,,1,10402
23,[11] The Sheep's Appetite,"Clumsy Mocha is a member of the student council. While on the back mountain, she takes a spectacular tumble as usual and scatters the handouts she was carrying! There are 300 sheets in all, and as time passes, the sheep on the back mountain eat them one by one. Defeat the sheep and help Mocha. Hurry, or all the handouts will be eaten and her effort will be wasted!",Students in year 1 or above who cleared “Marsh Attack!”,,1,10001
24,[67] Duel at the School Gate,"The students are troubled by the Wargumas in front of the school. Worst of all is Henkuma, who spreads out his shady stall right at the school gate. Teach Henkuma and the others a lesson and improve the school's atmosphere! A great duel against the Warguma army-a full-power battle with massive milk consumption!",Students in year 3 or above who cleared “Seal Off the Underground Waterway”,,1,10402
25,[65] Seal the Underground,"Mao Xiaoping-sensei says leaving the underground waterway as it is would be dangerous, so the passage levers must be destroyed to seal the entrances and exits. Go to the greenhouse to recover the key from Baraus, and destroy every gate. Seal all emergency exits.",Students in year 3 or above who cleared “The Watergate Incident”,,1,10402
26,[71] Escargot Rush,"They say that in a country far across the sea, snail dishes are the finest delicacy... The gourmet swordsman Yochimaru keeps pestering you because he wants to try the highest-grade snail cuisine. But ordinary snail dishes won't satisfy him... What will happen at the end of Yochimaru's gluttony?",Students in year 3 or above who cleared “Henkuma's Persistent Request”,,1,10402
27,[20] An Evening of Jingisuka,"Hyunrang, Estiva's beautiful boy, is said to be charming because of the mismatch between his wild looks and shy personality. His obsession with sheep is known both inside and outside the school. While he was away from the pen for a while, Baraus from the greenhouse multiplied and attacked! Defeat the Baraus and carry the sheep, frozen with fear, back to the safety of the pen. Yochimaru, the gourmet swordsman, thinks he'll be blamed if all the sheep disappear, so he comes to protect them too, but...",Students in year 1 or above who cleared “Penguin-Mark Delivery Service”,,1,10001
28,[105] They Came to the Green,"Lately, the crops in Mei's field have been disappearing. The Sparbies that came to the greenhouse are the culprits! Defeat the Sparbies and recover the crops, but some of them run off with the crops still swallowed. Chase them down and recover all the remaining crops from King Sparbie!",Students in year 4 or above who cleared “Lost Little Johnny”,,1,10004
29,[38] Ben-sensei's Household,"Ben-sensei's wallet was stolen! The culprits are the Wargumas! Students, bring the hammer of justice down on the Wargumas!",Students in year 2 or above who cleared “Midnight Ghost”,,1,10702
30,[32] Sheep or Greenhouse,"The sheep have wandered into the greenhouse! Johnny, the greenhouse manager, worries that the flowers will be eaten, while Hyunrang, famous for being a sheep fanatic, worries that the cute sheep will be attacked by mutant flowers. To make matters worse, even a lamb has gone missing! Return all the sheep to the pen!!",Students in year 2 or above who cleared “The Library Secret”,,1,10702
31,[20] The Stolen Lunch,"Father Vermont lives in a chapel beside a cemetery nearby. He's looks after a pair of unusual twin sisters. One day, the priest asks you to deliver a lunch to the older twin, Suiren, who is always busy cleaning. But Karen, the troublesome girl who revealed her greedy nature during the animal spirit incident, tries to get in the way...",Students in year 1 or above who cleared “Sowol Cleanup Operation”,,1,20001
32,[11] Food Grudge,"Near the lonely Sowol Academy is a public cemetery. At night, suspicious rumors say the animal memorial there cries out loudly. ★LET'S GO★ calm the grudge of the animal memorial! But the ending is...",Students in year 1 or above who cleared “His and Her Student Council”,,1,20001
33,[3] Scaredy-Cat Sam-sensei,"Timid night-shift Sam-sensei finally decides he is too scared to patrol the school at night, leaves it to the students, and runs away. When you patrol at night in his place... the moment you enter the school, monsters burst out everywhere! No wonder Sam-sensei hates patrolling. Come on, let's wipe them all out!",Students in year 1 or above who cleared “Boxes Filling the Faculty Room”,,1,20001
34,[14] A Talisman for the Ghos,"They say ghosts always appear in Sowol Academy's school building at night. Even the genius girl Youen-sensei, who graduated medical school at age ten and became the school nurse, is still a child, so maybe it is only natural that ghost rumors make her tremble. The students rise up to protect her! What is Kurata's goal in approaching Youen-sensei?",Students in year 1 or above who cleared “Food Grudge”,,1,20001
35,[67] A Scene with Crocos,"Around Sowol Academy's bus stop, as far as the eye can see, Crocos, Crocos, Crocos!! I can't stand amphibians! Huh? They're reptiles? First, defeat the Crocos and head to the underground waterway to investigate! What could be causing this?",Students in year 3 or above who cleared “Night of the Ripper”,,1,20402
36,[49] Karen Runs Away,What? Karen hasn't come home for days? Maybe she just got angry over something small and ran away again... Huh? There is actually a deeper reason? -Episode 20: Karen Runs Away- What is the relationship between Karen and Father Vermont? (Dun-dun!),Students in year 2 or above who cleared “Fly High!”,,1,20004
37,[60] Your Room Is My Room,"Break it! Take it! My room is mine! Other people's rooms are mine too!<br>Break each room's sign and change it to your team's color, and that room becomes your team's territory! The team that occupies the most rooms wins!<br>(However, if the enemy destroys your team's sign, that room is taken. Protect your rooms while taking the opponent's rooms!)",Students in year 3 or above<br>2–4 teams,,1,20101
38,[69] Emily in the Bathroom,"Emily in the Bathroom, who should only appear in ghost stories, has appeared at school!!! Shiver, shiver... Before something even more terrifying happens... we have to solve this!",Students in year 3 or above who cleared “A Scene with Crocos”,,1,20402
39,[43] Close Encounters,"After ghosts and peerless beauties, now aliens! Kurata claims that if you arrange stone monuments around the memorial tower to make a magic circle, you can summon aliens. Stone monuments, huh... does that mean lots of Nightwalkers will appear? How will this suspicious incident end?",Students in year 2 or above who cleared “Give Back the Treasure”<br>4人以上,,1,20004
40,[1] Lunchbox Rhapsody,"Disaster! The food at Sowol Academy's school shop has sold out! In response, the student council decided to have the students compete and give lunchboxes to the winners. Join this event where you can get a lunchbox and train your stamina at the same time.","2 teams, 8–16 players total",,1,0
41,[32] Give Back My Set Square,"Because thefts keep happening inside the school, Youen-sensei asks the students to patrol at night. Search the school and find the culprit behind the thefts! But... will you really get it back?",Students in year 2 or above who cleared “Phantom of Opera”,,1,20004
42,[1] Eat to Win!,"Wolves have appeared and sheep are being eaten one after another. When Yochimaru learns of the situation, he makes a proposal: “If it is the sheep's fate to be eaten by wolves... then we shall eat them all first!!” Yochimaru is serious...",Students in year 3 or above<br>2–4 teams,,1,10101
43,[30] Those Who Don't Work Sh,"Auntie Penguin asks you to carry the milk crates placed in front of the school gate. Of course, it isn't unpaid work! Those who try hard will get lots of milk! Those who don't work shall not drink! Now, start carrying!!",Students in year 2 or above<br>4 teams、8 players以上,,1,10101
44,[7]His & Her Student Council,"At Sam-sensei's request, go find the members of the student council and obtain the key from them. You will meet Shin Sohyun, the dignified general affairs officer and vice president, and Ruben Shepard, the silent student council president who is the most popular guy among Sowol's girls... ★GoGo★, meet him and her!",Students in year 1 or above who cleared “Occult Box”,,1,20001
45,[66] Trial of the White Ston,"To descend into the monster den said to lie at the bottom of the underground cemetery, you need Father Vermont's permission. Take a strict test and prove your strength. The white stone puzzle that tests your intellect is difficult, but the priest also releases monsters he previously sealed and makes you fight them. Father, don't tell me... you have strange tastes?!",Students in year 5 or above,,1,0
46,[46] Fly High!,"An incident occurs where Suiren's treasured broom disappears! Kurata, who was near the scene, is absolutely, incredibly suspicious no matter how you look at it! But Kurata once again makes a shameless demand! Do we really have to listen?",Students in year 2 or above who cleared “Close Encounters”,,1,20004
47,[38] Halloween Trick,"One night, you go to the cemetery and find ghosts wandering around like mad. According to Suiren, the dead awakened because something is in the cemetery...",Students in year 2 or above who cleared “The Hitodama Incident”,,1,20004
48,[55] The Priest and the Fox ,"One day, Father Vermont asks you to go to the cemetery with Suiren. What is the sad past between the priest and the fox sisters?!",Students in year 2 or above who cleared “Toward the New World”,,1,20004
49,[30] Gravestone Race,Defeat the Nightwalkers ravaging the cemetery and arrange the gravestones. Ah! Other students are carrying off the gravestones. We can't lose like this! Beat the other students while arranging the gravestones first!,Students in year 2 or above<br>2 teams,,1,20101
50,[68] Apricot-Colored Necklac,"O-ho-ho-ho! I am Shaolin, president of the Occult Research Club! Welcome to the clubroom. But can you prove you have the skill to play here? Defeat the “Montal,” which is much stronger than it looks. Then, if you can find the “apricot-colored necklace” I lost in the Fox Cave, I will acknowledge your abilities.",Students in year 5 or above,,1,0
51,[73] Devil's Whisper,"Shaolin has gone deep into the Fox Cave. At the invitation of Suspicious Student A from the Occult Research Club, make an excuse to deliver rice cakes to Shaolin and follow her. The gate that was always closed is open, and the legendary guardian fairy is gone. At last, you reach the abyss of the Fox Cave, and what you see there is... something you must never see?",Students in year 5 or above,,1,0
52,[63] Dangerous Delivery Miss,"Deliver it to Estiva Academy quickly and accurately! No matter how dangerous the road is, run and run and keep running, passing through the first underground waterway, then the second, then the third... What suddenly appears there?! Can you complete the delivery alive?!",Students in year 5 or above,,1,0
53,[94] Run! Run! Students,"Just as you climb because a mountain is there, you run because a road is there. No matter what lies at the end. No matter what dangers await. In any case, go find out where the newly discovered underground waterway leads!",Students in year 4 or above who cleared “The Drain Is Full of Danger”<br>2～4人,,1,10004
54,[89] The Priest's Truth,"The priest has made a pact with a demon?! When you follow Karen into the public cemetery, Karen, who was angry and blocked your way at first, shows you the shocking scene. The group is confused by the impossible sight, and then the demon notices you...",Students in year 3 or above who cleared “Youen-sensei's Request”,,1,20402
55,[77] Crazy Dance Show,"After learning that a terrifying presence threatening Sowol Academy is hidden inside the Fox Cave, Ruben joins forces with the students and goes to defeat “it.”",Students in year 6 or above,,1,0
56,[29] Phantom of the Opera,"Zero-Sevens have started swarming even inside the school. This is a sign that Sowol's infamous monster, the "Phantom" is about to revive, and it apparently comes back when it hears an opera to the end... By the way, what is this music we've been hearing for a while now...?!",Students in year 1 or above who cleared “Occult Research Club Enrollment Guide”,,1,20001
57,[79] The Wolf Is Coming!,"While Hyunrang is away from the pen, a pack of wolves led by a fox girl leaps over the fence and attacks. You try to protect the sheep somehow, but there are far too many wolves for it to be easy. Defeat the wolves! Evacuate the sheep to the underground waterway! Then gather the sheep scattered through the waterway to a safe place.",Students in year 3 or above who cleared “Warguma's Shady Stall”,,1,10402
58,[111] Night of the Wolves,Hyunrang worries that a pack of wolves may appear again and target the sheep. A grand gathering of canines! And then... Hyunrang's private life is revealed?!,Students in year 4 or above who cleared “Henkuma Library”,,1,10004
59,[83] True Sp Mission StuCo,"You swore never to be fooled again, but Suchong appears once more and gives a grand speech! He says to defeat the Sparbies dirtying the school? Will Suchong live up to expectations again this time?!",Students in year 3 or above who cleared “They Came to the Back Mountain”,,1,10402
60,[92] The Drain Is Full of Da,"The water won't drain from the greenhouse! Something seems wrong somewhere in the sewer... Cross the flooded greenhouse, enter the sewer, and investigate! Something... something is there!",Students in year 4 or above who cleared “The Secret Laboratory”,,1,10004
61,[1] Box-Filled Hallway,"Perhaps because of EVP, Soso have recently been appearing in many schools. For some reason, trainee teachers wearing bear costumes all seem afraid of Soso... and Sam-sensei is no exception. Sam-sensei is troubled over how to deal with them... Defeat the Soso and restore peace to the hallway!",Students in year 1 or above,,1,20001
62,[1] Ball-Breaking Contest,"A physical training event hosted by Bianca-sensei, who has many fans both inside and outside the school! This time, the team that breaks more of the opposing team's balls wins. Of course, directly interfering with the other team is allowed too. Have fun exercising with your friends!",Students in year 1 or above<br>2 teams、up to 16 players,,1,10101
63,[23] Robogas Explosion,"A huge explosion was heard from beneath the school. Was it an earthquake, or something else? Go underground and investigate the cause of the tremor! Down there is a giant “trace of something”?! What in the world is this?! The ○○ Research Club?",Students in year 1 or above who cleared “An Evening of Jingisukan”,,1,10001
64,[29] The Library Secret,"Alina is a girl who loves music more than anything. After hearing a beautiful melody from beneath the library, she wonders if it might be the goddess's music from legend and can no longer sleep at night. Sneak into the library through the underground waterway without being found by Paige-sensei, the librarian. Does the legendary goddess really exist? Can you meet her?",Students in year 1 or above who cleared “The Wizard of Oz”,,1,10001
65,[49] Catch the Book Thief!,"Recently, several books have apparently vanished in a short time! The culprit seems to be Marsh, a monster that eats books...",Students in year 2 or above who cleared “Mao-sensei's Bag”,,1,10702
66,[43] Lost Lamb,Mocha is missing! And the Wargumas seem to be plotting something in the bathroom... This is really dangerous! We have to hurry and find Mocha!!,Students in year 2 or above who cleared “Special Mission Student Council Reloaded”,,1,10702
67,[59] First Contact,"The World Tree has begun to wither. On top of that, the Woodherians who live near it have appeared and are speaking nonsense. Worried about the World Tree, Johnny goes looking for a way to talk with the Woodherians... Can the World Tree be healed?",Students in year 2 or above who cleared “Is the Truth Out There?”,,1,10702
68,[5] Occult Box,"New supplies have arrived for the Occult Research Club. Kurata, a suspicious-looking member of the club, says the boxes are very heavy, and if you carry them for him, he will give you a dubious item called a “love-fulfillment talisman.” Can you trust him? What kind of supplies does the Occult Research Club have? Could there be monsters inside? Nothing to lose by trying! Help Kurata and carry the boxes!",Students in year 1 or above who cleared “Scaredy-Cat Sam-sensei”,,1,20001
69,[1] Extreme Ball Battle,"Compete fair and square through sports! This is a PVP episode where two teams compete, and using weapons to interfere is allowed. The rules are simple: take the ball that appears in the center and put it into the opponent's goalpost! The first half is 3 minutes, and the second half is also 3 minutes. However, points are doubled in the second half, so there is a chance for a comeback! Fight!",Students in year 1 or above<br>2 teams,,1,20101
70,[17] Sowol Cleanup Operati,Sowol Academy has been restless because of ghost incidents and other troubles. Sam-sensei was doing a big cleanup for the first time in a while to improve the school's atmosphere. But then Ratchu suddenly appeared! Do something!,Students in year 1 or above who cleared “A Talisman for the Ghost”,,1,20001
71,[26] Occult Club Guide,"Kurata, a gloomy student recruiting new members for the Occult Research Club, asks you to help with his work. Help Kurata put up promotional posters and defeat anyone who gets in the way! “Please eliminate all obstacles... whatever they may be, whoever they may be... heh heh heh.” (Kurata)",Students in year 1 or above who cleared “Sam-sensei's Request”,,1,20001
72,[52] Toward the New World,"Kurata, a person even more troublesome than Estiva's Suchong, says he is going to a new world this time? What is this new world?! Will you follow him again, assuming you are being tricked? Kurata says you should first look for traces leading to another world... (If he wants to go, why doesn't he go alone?) What is the new world? And how will it end...?",Students in year 2 or above who cleared “Karen Runs Away”,,1,20004
73,[34] Great Magic on a Moonli,"Kurata, who has caused all kinds of trouble, says he will perform a “spell to summon a peerless beauty” on a moonlit night, and asks you to get rid of the nuisances around the venue. Beat down the noisy monsters that gather nearby, and once the area is quiet, Kurata begins chanting his suspicious spell... Who is the “peerless beauty” that finally appears?!",Students in year 2 or above who cleared “Give Back My Set Square!”,,1,20004
74,[36] The Hitodama Incident,What?! Hitodama appeared somewhere other than the public cemetery?! Investigate the truth around the back mountain and the World Tree!! And remember this well: not everything you see is the truth! (Maybe that was a little dramatic?),Students in year 2 or above who cleared “Great Magic on a Moonlit Night!”,,1,20004
75,[40] Give Back the Treasure,"Rigu and Bio from the cemetery attack the school to recover a small marble that was given to Kurata. You want to clear up the misunderstanding and return the marble somehow, but first you have to drive back the ghosts that have gone berserk and are attacking even inside the classrooms. Return the marble to its owner after that!",Students in year 2 or above who cleared “Halloween Trick”,,1,20004
76,[17] Penguin Delivery,"Auntie Penguin No. 2, who sells goods at the school shop, has started a delivery business! Apparently she is hiring part-time workers... Anyway, all you have to do is deliver the packages safely? That sounds easy! Now, hurry and safely deliver the packages to the people waiting for them!",Students in year 1 or above who cleared “Special Mission Student Council”,,1,10001
77,[23] Sam-sensei's Request,"Sam-sensei was on his way to bring milk crates to Father Vermont at the chapel. But then, Monera suddenly appeared and carried the milk crates away. Curse those monsters!! Go to the backyard cemetery, where repair work has been suspended, and recover the milk crates!",Students in year 1 or above who cleared “The Stolen Lunch”,,1,20001
78,[59] Ghosts of the World Tre,Unfamiliar ghosts have appeared at Sowol Academy! Cowardly Youen-sensei is so scared she keeps crying... Huh? The Woodherians are angry?! Could they have something to do with the incident? What are those easygoing-looking fellows angry about?,Students in year 2 or above who cleared “The Priest and the Fox Sisters”,,1,20004
79,[2] Boxes Filling the Hallwa,"Ben-sensei is still terrified of Soso. Recently Soso have started appearing on the second floor of the school building too, and Ben-sensei is in real trouble. He placed various things in the hallway to stop more Soso from appearing, but it is only a temporary fix. Come on, defeat the Soso again and help Ben-sensei!",Students in year 1 or above who cleared “Boxes Filling the Hallway”,,1,10001
80,[2] Boxes Fill Faculty Room,"Sam-sensei had a terrible time with Soso before. He says he left some documents in the faculty room, but because the hallway is still full of Soso, he is too scared to go get them. Take Sam-sensei's request and advance, advance again, all the way to the faculty room!",Students in year 1 or above who cleared “A Hallway Full of Boxes”,,1,20001
81,[89] The Secret Laboratory,"At Johnny's request, you go down to pull the underground waterway lever. But then Baraus suddenly appears! And the lever is broken too! On top of that, you discover a mysterious secret space!! What is this place? Who is behind it all?!",Students in year 3 or above who cleared “Operation Rescue Johnny”,,1,10402
82,[89] Adult Matters ~Sowol ,Don't interfere with adult business.,Adult Matters ~Sowol Arc~,,1,0
83,[92] The Sound of the Organ,"Hoyang is captivated by Meiyen's organ music and longs for her. When you meet Meiyen and deliver the letter, she is delighted, and the two promise to meet at the Bridge of Wishes. But Hoyang does not appear at the bridge where Meiyen waits. What happened to Hoyang?",Students in year 4 or above who cleared “The Priest's Truth”,,1,20702
84,[94] Love Poem,"Meiyen has fallen for the voice reciting poetry that she hears at night these days. Asked to deliver a letter written to the owner of the voice, the group brings the letter to Hoyang. The two arrange to meet at the Bridge of Wishes, and then...",Students in year 4 or above who cleared “The Sound of the Organ”,,1,20702
85,[100] Disappearance,"Recently, students have been disappearing frequently. As you investigate the old school building for clues, you are drawn in by a great horror lurking behind the incidents... Can you no longer return...?",Students in year 4 or above who cleared “The Missing Doll Incident”,,1,20702
86,[108] Lost Memories,"At Meiyen's request, you go to check on Hoyang's safety... but instead of Hoyang, a monster appears! You chase the suspicious monster, activate a magic circle, and at the place it leads... the sad truth about Hoyang and Meiyen is revealed!",Students in year 4 or above who cleared “I Am the School Rules!”,,1,20702
87,[121] Master of Puppets,"The culprit behind the disappearances in the old school building was the Puppet Master. You were nearly the next victim, but Shin Sohyun and Ruben Shepard saved you-though even they could not defeat the Puppet Master... But right now, the Puppet Master is very weakened. Find it before it recovers its power and finish it off!",Students in year 4 or above who cleared “A Peaceful Afternoon and a Music Box”,,1,20702
90,[77] Warguma's Shady Stall,"The Wargumas prowling in front of the school have finally crossed the back mountain, entered the school backyard, and opened a shady stall selling items that violate school rules. Help the furious Riez-sensei and smash the shady stall!",Students in year 3 or above who cleared “Sunken Classroom”,,1,10402
91,[114] Sp Mission StuCo:Compl,"Everyone's hero (self-proclaimed), Suchong, rises once again to protect the peace of the school! While exterminating monsters in the pool, you suddenly end up in a strange place...? Huh? This is the student council's secret base? Suchong, look me in the eye and say that again, would you?",Students in year 4 or above who cleared “Night of the Wolves”,,1,10004
92,[63] Mujina Guard,"Hoyang is a serious earthbound spirit in the old school building who loves music. But ever since the Mujina Guard appeared, he has been having painful days. Mujina? A tanuki? When you go there, it is a teacher and a ghost... Can this be resolved?!",Students in year 3 or above who cleared “Ghosts of the World Tree”,,1,20402
93,[65] Night of the Ripper,Youen-sensei is worried because more students have been going to the old school building and coming back with cuts lately. The culprit is probably a yokai called Kamaitachi. Let's go solve Youen-sensei's worry!,Students in year 3 or above who cleared “Mujina Guard”,,1,20402
94,[96] At the End of Escape,"Hoyang says he is very worried because the sound of the organ has not been heard lately, and instead he hears a girl crying. Who is the villain bullying Meiyen?! We won't forgive them!!",Students in year 4 or above who cleared “Love Poem”,,1,20702
96,[87] Youen-sensei's Request,The laboratory at the university Youen-sensei graduated from apparently needs bat saliva as a medicine ingredient. It seems bats can be found if you enter the underground waterway... but bats appear in only one of the three rooms! Search carefully and do not choose wrong!,Students in year 3 or above who cleared “Sowol Encyclopedia”,,1,20402
97,[85] Wisdom Teeth,"Chart, a member of the nursing club, ran away crying because he does not want his wisdom tooth pulled. Karte, another nursing club member, tries to persuade him, but Chart runs away because Bianca-sensei is going to pull his wisdom tooth...",Students in year 3 or above who cleared “True Special Mission Student Council”,,1,10402
98,[96] The Flaming Infirmary,The infirmary is on fire!! Carry buckets filled with water and put out the fire before it spreads! But why do fires happen so often here?,Students in year 4 or above who cleared “Run! Run! Students”,,1,10004
99,[117] Devoted Heart,"Because a hole opened in the wall of the underground waterway, the library is flooded! Paige-sensei is heartbroken that the library's precious books might get wet... If you don't stand up now, you aren't an Estiva student! But then you are misunderstood by a warrior of justice (?) who secretly set out to help Paige-sensei... Anyway, the priority is to plug the leaking hole with this stone!!",Students in year 4 or above who cleared “Special Mission Student Council: Complete Edition”,,1,10004
100,[125] Warguma Casino?,"The wicked Warguma now wickedly tempts you to wager money on a wicked dice game. The rules are wickedly simple, and if things go well, it is a huge chance to make a wicked amount of money?! But if you gamble in front of the school...",Students in year 4 or above who cleared “Youen-sensei's Special Lesson”,,1,10004
101,[79] Flood Warning,"The old school building has been flooded. Hoyang, worried that the books will get wet, asks you to drain the water, but the situation is not that simple! Myurobies become ferocious when the water is gone, so be careful.",Students in year 3 or above who cleared “Simmering Love at the Heart of the School”,,1,20402
102,[117] A Peaceful Afternoon a,"Today, try making a one-of-a-kind handmade music box with Hoyang! Look up how to make it in the encyclopedia, gather the music box parts, and... the mysterious final step is a must-see!",Students in year 4 or above who cleared “Shall We Clean?”,,1,20702
103,[114] Shall We Clean?,"Unlike her problem-child younger sister, the older sister Suiren is quiet and loves cleanliness. Help her as she always cleans diligently, and make every corner of the school spotless!",Students in year 4 or above who cleared “The Last Day of the Old School Building”,,1,20702
104,"[60] Red Soso, Blue Soso","In the old-fashioned restroom deep in the old school building, the smell of history and tradition hangs heavy. The rumored “Weeping Woman” appears and makes the students face off. “Shall I give you red Soso? Shall I give you blue Soso?” Follow the ghost's instructions and defeat the correct color of Soso. Defeating the correct color raises your score, while defeating the wrong color lowers it! This is a PVP episode where you can also hit other players to interfere.",Students in year 3 or above<br>2 teams,,1,20101
106,[98] The Missing Doll Incide,"Youen-sensei's precious doll has gone missing! When you go investigate the old school building, Kurata appears, saying he also lost a doll. You decide to search together, but... Kurata is in big trouble?!",Students in year 4 or above who cleared “At the End of Escape”,,1,20702
107,[102] Lost Little Johnny,"A strange object appeared in the greenhouse, and strange people began wandering around. Johnny went to investigate it, and he disappeared too...",Students in year 4 or above who cleared “Beloved François”,,1,10004
109,[102] The Vanished Organ Ped,"Meiyen's precious organ pedal has disappeared, leaving her unable to play the organ. Who on earth is the culprit?",Students in year 4 or above who cleared “Disappearance”,,1,20702
111,[1] Your Room Is My Room,"Break it! Take it! My room is mine! Other people's rooms are mine too!<br>Break each room's sign and change it to your team's color, and that room becomes your team's territory! The team that occupies the most rooms wins!<br>(However, if the enemy destroys your team's sign, that room is taken. Protect your rooms while taking the opponent's rooms!)",Students in year 3 or above<br>2–4 teams,,1,10101
114,"[9] Go! Go! Sowol!","A secret passage to Sowol Academy guided by Estiva's idol, China. It's an open secret, though. Monsters get in the way, gates are closed, and piles of rubble block the path, but nothing can stop the desire to go to a new school!",Students in year 1 or above,,1,10203
115,[9] Let's Go to Estiva,"Sowol Academy and Estiva Academy are connected by an underground waterway. The key to this waterway is managed by the student council, and it is only opened for students who want to go to Estiva Academy. Now, take the waterway and go to Estiva Academy. The path is not that difficult, but collapsed rubble blocks the way. Apparently, someone from Estiva is waiting at the end of the waterway.",Students in year 1 or above,,1,20202
117,[129] Sp Mission StuCo:Side,"Estiva Academy's famous giant robot has been sent to Sowol Academy! Calm the excited students who want to see the robot and make the exhibition a success! But then, as everyone expected, the robot goes berserk...",Students in year 4 or above who cleared “Fox Bath”,,1,20702
119,[89] The Students' Counterat,The Students' Counterattack,The Students' Counterattack,,1,0
121,[1] Welcome to Estiva,Follow Mocha's guide and learn the basic controls of Yogurting.,New student,,0,10801
125,[1] Welcome to Sowol,Follow Shin Sohyun's guide and get used to the basic controls of Yogurting.,New student,,0,21101
130,[75] Curry Days,"Karen is full of complaints about the priest yet again! This time the problem is her diet! Curry, curry, curry! She is sick of eating nothing but curry every day! Karen hopes that if she brings back a Kokko, he might cook something else. Catch a Kokko from the pen and bring it to the priest! What is the priest's secret recipe?!",Students in year 3 or above who cleared “Memories of the Old School Building”,,1,20402
131,[73] Memories of the Old Sch,"The old school building, infamous for its danger and strangeness, is off-limits to students. And yet some students go in and out without a care. While driving those students out to teach them a lesson, you are suddenly caught up in a mysterious phenomenon!",Students in year 3 or above who cleared “Hungry Wolves”,,1,20402
132,[1] Bomb Alert,"Carry lots of bombs that appear once every 30 seconds into the enemy base! You score according to how many you carry over. The team with the highest score wins! But for every bomb left in the center after 30 seconds, everyone on the field takes damage! Quickly throw the bombs into someone else's area!!",2–4 teams,,1,0
133,[111] Old School Last Day,"The old school building has seen one strange incident after another, with students getting hurt or disappearing. Seeing the situation as serious, the student council has finally decided to demolish it! Break every wall, pillar, and anything else that can be broken! But what will happen to Hoyang and Meiyen?!",Students in year 4 or above who cleared “Lost Memories”,,1,20702
134,[71] Hungry Wolves,The school shop has been attacked by wolves! We can't forgive anyone who attacks everyone's precious shop! But those wolves are Karen's friends?! Karen! Cut ties with bad company!!,Students in year 3 or above who cleared “Emily in the Bathroom”,,1,20402
135,[77] Love at School,"The lovey-dovey level inside the school has suddenly skyrocketed, leaving the students completely lovestruck. Youen-sensei from the infirmary realizes how serious things are and asks you to solve the problem, but the lovestruck students refuse to separate. What is causing this? And if it is solved, will the students return to normal?",Students in year 3 or above who cleared “Curry Days”,,1,20402
136,[129] Full Metal Butler,"A training course specially prepared by Bianca-sensei from the infirmary to train students' minds and bodies! Defuse bombs within the time limit, repel the approaching monsters, and finally face that powerful enemy! You can't clear it unless you survive! (Obviously.)",Students in year 4 or above who cleared “Strike It Rich at the Warguma Casino?”,,1,10004
137,[125] Fox Bath,"Karen hasn't taken a bath for two months?! Suiren, unable to stand it any longer, asks everyone to make Karen take a bath. Karen! Take a bath before you get fleas!",Students in year 4 or above who cleared “Master of Puppets”,,1,20702
139,[83] Protect the Kokko,"Hachi, a freckled girl in the breeding club, does not get along with Karen. That's because Karen and her wolf friends are constantly eyeing the Kokko that Hachi cares for. One day, Karen finally comes to steal the Kokko with many of her wolf friends... Protect the Kokko from the wolves swarming in a frenzy! This is a war for the survival of the breeding club!",Students in year 3 or above who cleared “For That Person”<br>2or more players,,1,20402
140,[81] For That Person,"Kurata says he wants you to break a strange thing called a “Sealing Stone” for a certain person he serves... It isn't impossible, but are we really sure it is okay to break this?",Students in year 3 or above who cleared “Flood Warning”,,1,20402
141,[85] Sowol Encyclopedia,"While searching everywhere for the encyclopedia Hoyang lost, you find it in a place you absolutely cannot reach! You can see it right there, but you can't get to it, and as you stamp your feet in frustration, something strange suddenly happens! Where am I? Who am I?",Students in year 3 or above who cleared “Protect the Kokko”,,1,20402
142,[2] Welcome to Fanta World,Anna asks you to defeat the monsters trying to steal Fanta. Defeat all the monsters!,An event episode that anyone can enjoy to their heart's content.,,1,0
143,[105] I Am the School Rules!,"Each classroom in the old school building has been surrounded by a strange barrier, trapping the students inside. As you break through the barriers while driving off monsters, the ghost vice principal Stalin appears! He laughs loudly, saying that with his self-developed “Study Today, Study Tomorrow Barrier,” he has trapped today's completely delinquent students inside the school. Defeat Stalin, who turned the school into a prison, and restore peace to the old school building!",Students in year 4 or above who cleared “The Vanished Organ Pedal”,,1,20702
144,[121] Youen-sensei's Special,"Youen-sensei, the genius girl, has come to Estiva Academy as a special instructor! While listening to a lesson you don't understand at all, you start to doze off... Huh?! A four-dimensional space again?! Find the exit!!",Students in year 4 or above who cleared “Devoted Heart”,,1,20701
145,[135] Secret Society “P”,"At the request of Hachi from the breeding club, you have to retrieve the “Breeding Diary” from a school building closed for a PTA meeting. By the way, what kind of people are in the PTA?",Students in year 5 or above who cleared “Special Mission Student Council: Side Story”,,1,10201
146,[135] Pursuer “K”,"Mao Xiaoping-sensei is apparently acting suspiciously in the underground waterway. At Grey's request, the students tail Mao-sensei, but the shadow of a mysterious person keeps appearing and disappearing...",Students in year 5 or above who cleared “Full Metal Butler”,,1,20201
147,[141] Rebellion with a Reaso,Students break into the school in the middle of the night to take back items confiscated during a belongings inspection! What? The teachers are the ones at fault?! What is going on...?,Students in year 5 or above who cleared “Secret Society “P””,,1,10201
148,[141] Sp Mission StuCo:Final,"The final command from our hero of Estiva Academy, Suchong?! As usual, let's defeat the monsters disturbing the school's peace! But how did he know the monsters were coming?",Students in year 5 or above who cleared “Pursuer “K””,,1,20201
149,[147] Welcome! Fox Cave,"The group goes to bring back Karen, who wandered dazedly into the underground cemetery, perhaps half asleep. Karen stands there in a trance, and four beautiful women appear! Who are they...?",Students in year 5 or above who cleared “Rebellion with a Reason”,,1,20201
150,[147] Guardian of the Seal,"The group sets out with Grey in search of new antique fragments. What is the true identity of Mao-sensei, who orders you to hand over the fragments?! And at last, “it” awakens...!",Students in year 5 or above who cleared “Special Mission Student Council: Final Chapter”,,1,10201
151,[153] The Unforgivable Objec,"Is this a conspiracy to disturb the school's peace?! It seems a dangerous object has been delivered to student council president Ruben. Following Shin Sohyun's instructions, the group sets out to dispose of it. Judging by Shin Sohyun's serious demeanor, this seems to be a very dangerous mission!",Students in year 5 or above who cleared “Welcome! Fox Cave”,,1,20201
152,[153] Glutton Samurai:8 Drag,The gourmet swordsman Yochimaru's appetite radar has detected a strange creature called “Rosie” at Sowol Academy! Student council president Ruben stands in the way of Yochimaru as he attacks Sowol Academy for a taste test! Are these two master swordsmen about to clash?!,Students in year 5 or above who cleared “Guardian of the Seal”,,1,10201
153,[160] Welcome to the Occult ,"Kurata makes a huge fuss, saying something terrible will happen unless the club gains more members immediately, and forcibly appoints the students as “honorary members of the Occult Research Club.” Will the secrets of the Occult Research Club finally be revealed?!",Students in year 5 or above who cleared “The Gluttonous Samurai: Legend of the Eight Dragons”,,1,20201
154,[160] Revival! Legend of Big,"An SOS from the Wargumas in serious trouble?! At Somunyang-sensei's request, the students head out to help, but...",Students in year 5 or above who cleared “The Unforgivable Object”,,1,10201
157,[167] The Encountered Puppet,"Shin Sohyun was kidnapped while tracking the Puppet Master! If you don't hurry and save her, something terrible will happen...!",Students in year 5 or above who cleared “Welcome to the Occult Research Club”,,1,20201
158,[167] Sp Mission StuCo:New B,"The school shop has been attacked by monsters! Together with everyone's hero Suchong, uncover the mastermind controlling the monsters! What shocking truth will be revealed at the end?!",Students in year 5 or above who cleared “Revival! Legend of Big Sis!”,,1,10201
165,[190] Linty’s True-or-False ,"Challenge Linty's “True-or-False Quiz Show”! It seems whether you go to heaven or hell depends on your quiz results about past episodes! By the way, what is the prize?",Students in year 5 or above who cleared “How Many Culprits?”,,1,0
155,[174] A Box Full of Secrets,"Ben and Sam senseis are surrounded by Soso in the faculty room and in huge trouble! But for some reason, the teachers ask you, “Please don't attack the white Soso”...",Students in year 5 or above who cleared “邂逅の傀儡」または「特命生徒会・新たなる闘い”,,1,0
156,[181] How Many Culprits?,"At the request of the student council union, the group obtains the student rosters of both Estiva and Sowol. A strange fact hidden in the rosters, and the shocking truth that is revealed...?!",Students in year 5 or above who cleared “A Box Full of Secrets”,,1,0
159,[204] Ancient People's Mista,"Mao Xiaoping reveals his true identity and begins attacking the school together with his PTA subordinates. As the students' moment of crisis approaches, a mysterious girl appears...",Students in year 6 or above who cleared “The Culprit Was Among Us!”,,1,0
160,[188] Low Crying Voice,"While casually browsing and reading books in the academic affairs office, Bulrode-Dokki discovers a clause stating that “if the principal is absent for an extended period due to unforeseen circumstances, the PTA president temporarily assumes that authority”...",Students in year 6 or above who cleared “Ancient People's Mistake”,,1,0
161,[188] The Unrevealed Truth,"Unable to stop worrying about what Student A said, the students try to visit the student council and hear the story directly. But the path to the student council is full of monsters and traps...",Students in year 6 or above who cleared “The PTA's Last Day”,,1,0
162,[212] The PTA's Last Day,"Now that the PTA is gone and the World Tree has been restored, all that remains is for the ancient girl to seal the Antique again. However, a device the PTA secretly installed inside the Antique causes it to go berserk...",Students in year 6 or above who cleared “Meet Her”,,1,0
163,[220] Meet Her,Meet Her,Meet Her,,1,0
164,[230] Final Battle,Final Battle,Final Battle,,1,0
8001,[66] TEST EPISODE A,TEST EPISODE A,TEST EPISODE A,,1,0
8002,[1] TEST EPISODE B,TEST EPISODE B,TEST EPISODE B,,1,0
8003,[1] TEST EPISODE C,TEST EPISODE C,TEST EPISODE C,,1,0
8004,[1] TEST EPISODE D,TEST EPISODE D,TEST EPISODE D,,1,0
8100,[1] 무기 테스트,무기 테스트,무기 테스트,,1,0
9999,[1] Question Mark Image,Question Mark Image,Question Mark Image,,1,0
